date,daily_views,ma_7,ma_30
2020-01-24,2,,
2020-01-25,14,,
2020-01-26,2,,
2020-01-27,12,,
2020-01-28,6,,
2020-01-29,15,,
2020-01-30,16,9.571428571428571,
2020-01-31,1,9.428571428571429,
2020-02-01,12,9.142857142857142,
2020-02-02,18,11.428571428571429,
2020-02-03,8,10.857142857142858,
2020-02-04,1,10.142857142857142,
2020-02-05,13,9.857142857142858,
2020-02-06,2,7.857142857142857,
2020-02-07,22,10.857142857142858,
2020-02-08,3,9.571428571428571,
2020-02-09,12,8.714285714285714,
2020-02-10,9,8.857142857142858,
2020-02-11,4,9.285714285714286,
2020-02-12,2,7.714285714285714,
2020-02-13,3,7.857142857142857,
2020-02-14,8,5.857142857142857,
2020-02-15,14,7.428571428571429,
2020-02-16,17,8.142857142857142,
2020-02-17,12,8.571428571428571,
2020-02-18,6,8.857142857142858,
2020-02-19,4,9.142857142857142,
2020-02-20,4,9.285714285714286,
2020-02-21,9,9.428571428571429,
2020-02-22,12,9.142857142857142,8.766666666666667
2020-02-23,13,8.571428571428571,9.133333333333333
2020-02-24,8,8.0,8.933333333333334
2020-02-25,11,8.714285714285714,9.233333333333333
2020-02-26,3,8.571428571428571,8.933333333333334
2020-02-27,4,8.571428571428571,8.866666666666667
2020-02-28,15,9.428571428571429,8.866666666666667
2020-02-29,4,8.285714285714286,8.466666666666667
2020-03-01,7,7.428571428571429,8.666666666666666
2020-03-02,3,6.714285714285714,8.366666666666667
2020-03-03,2,5.428571428571429,7.833333333333333
2020-03-04,4,5.571428571428571,7.7
2020-03-05,6,5.857142857142857,7.866666666666666
2020-03-06,12,5.428571428571429,7.833333333333333
2020-03-07,10,6.285714285714286,8.1
2020-03-08,11,6.857142857142857,7.733333333333333
2020-03-09,13,8.285714285714286,8.066666666666666
2020-03-10,21,11.0,8.366666666666667
2020-03-11,9,11.714285714285714,8.366666666666667
2020-03-12,6,11.714285714285714,8.433333333333334
2020-03-13,8,11.142857142857142,8.633333333333333
2020-03-14,11,11.285714285714286,8.9
2020-03-15,9,11.0,8.933333333333334
2020-03-16,22,12.285714285714286,9.2
2020-03-17,16,11.571428571428571,9.166666666666666
2020-03-18,19,13.0,9.4
2020-03-19,5,12.857142857142858,9.366666666666667
2020-03-20,22,14.857142857142858,9.966666666666667
2020-03-21,6,14.142857142857142,10.033333333333333
2020-03-22,21,15.857142857142858,10.433333333333334
2020-03-23,10,14.142857142857142,10.366666666666667
2020-03-24,29,16.0,10.9
2020-03-25,20,16.142857142857142,11.3
2020-03-26,7,16.428571428571427,11.166666666666666
2020-03-27,23,16.571428571428573,11.833333333333334
2020-03-28,9,17.0,12.0
2020-03-29,10,15.428571428571429,11.833333333333334
2020-03-30,40,19.714285714285715,13.033333333333333
2020-03-31,13,17.428571428571427,13.233333333333333
2020-04-01,8,15.714285714285714,13.4
2020-04-02,23,18.0,14.1
2020-04-03,21,17.714285714285715,14.666666666666666
2020-04-04,39,22.0,15.766666666666667
2020-04-05,16,22.857142857142858,15.9
2020-04-06,32,21.714285714285715,16.633333333333333
2020-04-07,31,24.285714285714285,17.3
2020-04-08,17,25.571428571428573,17.433333333333334
2020-04-09,16,24.571428571428573,17.266666666666666
2020-04-10,9,22.857142857142858,17.266666666666666
2020-04-11,5,18.0,17.233333333333334
2020-04-12,13,17.571428571428573,17.4
2020-04-13,9,14.285714285714286,17.333333333333332
2020-04-14,3,10.285714285714286,17.133333333333333
2020-04-15,3,8.285714285714286,16.5
2020-04-16,14,8.0,16.433333333333334
2020-04-17,30,11.0,16.8
2020-04-18,21,13.285714285714286,17.333333333333332
2020-04-19,23,14.714285714285714,17.366666666666667
2020-04-20,37,18.714285714285715,18.4
2020-04-21,20,21.142857142857142,18.366666666666667
2020-04-22,34,25.571428571428573,19.166666666666668
2020-04-23,16,25.857142857142858,18.733333333333334
2020-04-24,19,24.285714285714285,18.7
2020-04-25,15,23.428571428571427,18.966666666666665
2020-04-26,7,21.142857142857142,18.433333333333334
2020-04-27,4,16.428571428571427,18.266666666666666
2020-04-28,19,16.285714285714285,18.566666666666666
2020-04-29,28,15.428571428571429,18.166666666666668
2020-04-30,19,15.857142857142858,18.366666666666667
2020-05-01,24,16.571428571428573,18.9
2020-05-02,24,17.857142857142858,18.933333333333334
2020-05-03,23,20.142857142857142,19.0
2020-05-04,17,22.0,18.266666666666666
2020-05-05,27,23.142857142857142,18.633333333333333
2020-05-06,35,24.142857142857142,18.733333333333334
2020-05-07,22,24.571428571428573,18.433333333333334
2020-05-08,38,26.571428571428573,19.133333333333333
2020-05-09,9,24.428571428571427,18.9
2020-05-10,32,25.714285714285715,19.666666666666668
2020-05-11,20,26.142857142857142,20.166666666666668
2020-05-12,18,24.857142857142858,20.333333333333332
2020-05-13,11,21.428571428571427,20.4
2020-05-14,19,21.0,20.933333333333334
2020-05-15,24,19.0,21.633333333333333
2020-05-16,12,19.428571428571427,21.566666666666666
2020-05-17,12,16.571428571428573,20.966666666666665
2020-05-18,18,16.285714285714285,20.866666666666667
2020-05-19,11,15.285714285714286,20.466666666666665
2020-05-20,29,17.857142857142858,20.2
2020-05-21,19,17.857142857142858,20.166666666666668
2020-05-22,22,17.571428571428573,19.766666666666666
2020-05-23,39,21.428571428571427,20.533333333333335
2020-05-24,17,22.142857142857142,20.466666666666665
2020-05-25,9,20.857142857142858,20.266666666666666
2020-05-26,11,20.857142857142858,20.4
2020-05-27,22,19.857142857142858,21.0
2020-05-28,29,21.285714285714285,21.333333333333332
2020-05-29,31,22.571428571428573,21.433333333333334
2020-05-30,8,18.142857142857142,21.066666666666666
2020-05-31,19,18.428571428571427,20.9
2020-06-01,40,22.857142857142858,21.433333333333334
2020-06-02,1,21.428571428571427,20.7
2020-06-03,32,22.857142857142858,21.2
2020-06-04,14,20.714285714285715,20.766666666666666
2020-06-05,4,16.857142857142858,19.733333333333334
2020-06-06,22,18.857142857142858,19.733333333333334
2020-06-07,29,20.285714285714285,19.433333333333334
2020-06-08,10,16.0,19.466666666666665
2020-06-09,15,18.0,18.9
2020-06-10,16,15.714285714285714,18.766666666666666
2020-06-11,9,15.0,18.466666666666665
2020-06-12,13,16.285714285714285,18.533333333333335
2020-06-13,19,15.857142857142858,18.533333333333335
2020-06-14,29,15.857142857142858,18.7
2020-06-15,37,19.714285714285715,19.533333333333335
2020-06-16,8,18.714285714285715,19.4
2020-06-17,15,18.571428571428573,19.3
2020-06-18,11,18.857142857142858,19.3
2020-06-19,19,19.714285714285715,18.966666666666665
2020-06-20,7,18.0,18.566666666666666
2020-06-21,46,20.428571428571427,19.366666666666667
2020-06-22,19,17.857142857142858,18.7
2020-06-23,21,19.714285714285715,18.833333333333332
2020-06-24,3,18.0,18.633333333333333
2020-06-25,15,18.571428571428573,18.766666666666666
2020-06-26,24,19.285714285714285,18.833333333333332
2020-06-27,17,20.714285714285715,18.433333333333334
2020-06-28,17,16.571428571428573,17.966666666666665
2020-06-29,17,16.285714285714285,18.266666666666666
2020-06-30,19,16.0,18.266666666666666
2020-07-01,8,16.714285714285715,17.2
2020-07-02,27,18.428571428571427,18.066666666666666
2020-07-03,31,19.428571428571427,18.033333333333335
2020-07-04,21,20.0,18.266666666666666
2020-07-05,15,19.714285714285715,18.633333333333333
2020-07-06,27,21.142857142857142,18.8
2020-07-07,43,24.571428571428573,19.266666666666666
2020-07-08,28,27.428571428571427,19.866666666666667
2020-07-09,18,26.142857142857142,19.966666666666665
2020-07-10,24,25.142857142857142,20.233333333333334
2020-07-11,18,24.714285714285715,20.533333333333335
2020-07-12,23,25.857142857142858,20.866666666666667
2020-07-13,7,23.0,20.466666666666665
2020-07-14,12,18.571428571428573,19.9
2020-07-15,8,15.714285714285714,18.933333333333334
2020-07-16,6,14.0,18.866666666666667
2020-07-17,29,14.714285714285714,19.333333333333332
2020-07-18,5,12.857142857142858,19.133333333333333
2020-07-19,14,11.571428571428571,18.966666666666665
2020-07-20,16,12.857142857142858,19.266666666666666
2020-07-21,14,13.142857142857142,18.2
2020-07-22,24,15.428571428571429,18.366666666666667
2020-07-23,35,19.571428571428573,18.833333333333332
2020-07-24,7,16.428571428571427,18.966666666666665
2020-07-25,16,18.0,19.0
2020-07-26,8,17.142857142857142,18.466666666666665
2020-07-27,42,20.857142857142858,19.3
2020-07-28,14,20.857142857142858,19.2
2020-07-29,21,20.428571428571427,19.333333333333332
2020-07-30,15,17.571428571428573,19.2
2020-07-31,14,18.571428571428573,19.4
2020-10-01,7,17.285714285714285,18.733333333333334
2020-10-02,12,17.857142857142858,18.1
2020-10-03,10,13.285714285714286,17.733333333333334
2020-10-04,4,11.857142857142858,17.366666666666667
2020-10-05,11,10.428571428571429,16.833333333333332
2020-10-06,20,11.142857142857142,16.066666666666666
2020-10-07,20,12.0,15.8
2020-10-08,15,13.142857142857142,15.7
2020-10-09,14,13.428571428571429,15.366666666666667
2020-10-10,6,12.857142857142858,14.966666666666667
2020-10-11,3,12.714285714285714,14.3
2020-10-12,6,12.0,14.266666666666667
2020-10-13,14,11.142857142857142,14.333333333333334
2020-10-14,22,11.428571428571429,14.8
2020-10-15,45,15.714285714285714,16.1
2020-10-16,11,15.285714285714286,15.5
2020-10-17,7,15.428571428571429,15.566666666666666
2020-10-18,27,18.857142857142858,16.0
2020-10-19,21,21.0,16.166666666666668
2020-10-20,46,25.571428571428573,17.233333333333334
2020-10-21,59,30.857142857142858,18.4
2020-10-22,30,28.714285714285715,18.233333333333334
2020-10-23,7,28.142857142857142,18.233333333333334
2020-10-24,6,28.0,17.9
2020-10-25,13,26.0,18.066666666666666
2020-10-26,3,23.428571428571427,16.766666666666666
2020-10-27,13,18.714285714285715,16.733333333333334
2020-10-28,8,11.428571428571429,16.3
2020-10-29,4,7.714285714285714,15.933333333333334
2020-10-30,15,8.857142857142858,15.966666666666667
2020-10-31,7,9.0,15.966666666666667
2020-11-01,4,7.714285714285714,15.7
2020-11-02,8,8.428571428571429,15.633333333333333
2020-11-03,5,7.285714285714286,15.666666666666666
2020-11-04,25,9.714285714285714,16.133333333333333
2020-11-05,33,13.857142857142858,16.566666666666666
2020-11-06,21,14.714285714285714,16.6
2020-11-07,7,14.714285714285714,16.333333333333332
2020-11-08,5,14.857142857142858,16.033333333333335
2020-11-09,53,21.285714285714285,17.6
2020-11-10,29,24.714285714285715,18.466666666666665
2020-11-11,7,22.142857142857142,18.5
2020-11-12,11,19.0,18.4
2020-11-13,27,19.857142857142858,18.566666666666666
2020-11-14,8,20.0,17.333333333333332
2020-11-15,4,19.857142857142858,17.1
2020-11-16,17,14.714285714285714,17.433333333333334
2020-11-17,9,11.857142857142858,16.833333333333332
2020-11-18,22,14.0,16.866666666666667
2020-11-19,8,13.571428571428571,15.6
2020-11-20,21,12.714285714285714,14.333333333333334
2020-11-21,39,17.142857142857142,14.633333333333333
2020-11-22,19,19.285714285714285,15.033333333333333
2020-11-23,9,18.142857142857142,15.133333333333333
2020-11-24,8,18.0,14.966666666666667
2020-11-25,12,16.571428571428573,15.266666666666667
2020-11-26,11,17.0,15.2
2020-11-27,23,17.285714285714285,15.7
2020-11-28,11,13.285714285714286,15.933333333333334
2020-11-29,15,12.714285714285714,15.933333333333334
2020-11-30,26,15.142857142857142,16.566666666666666
2020-12-01,15,16.142857142857142,16.933333333333334
2020-12-02,11,16.0,17.033333333333335
2020-12-03,13,16.285714285714285,17.3
2020-12-04,17,15.428571428571429,17.033333333333335
2020-12-05,23,17.142857142857142,16.7
2020-12-06,11,16.571428571428573,16.366666666666667
2020-12-07,18,15.428571428571429,16.733333333333334
2020-12-08,13,15.142857142857142,17.0
2020-12-09,5,14.285714285714286,15.4
2020-12-10,14,14.428571428571429,14.9
2020-12-11,10,13.428571428571429,15.0
2020-12-12,9,11.428571428571429,14.933333333333334
2020-12-14,25,13.428571428571429,14.866666666666667
2020-12-15,14,12.857142857142858,15.066666666666666
2020-12-16,11,12.571428571428571,15.3
2020-12-17,17,14.285714285714286,15.3
2020-12-18,8,13.428571428571429,15.266666666666667
2020-12-19,33,16.714285714285715,15.633333333333333
2020-12-20,8,16.571428571428573,15.633333333333333
2020-12-21,3,13.428571428571429,15.033333333333333
2020-12-22,5,12.142857142857142,13.9
2020-12-23,7,11.571428571428571,13.5
2020-12-24,126,27.142857142857142,17.4
2020-12-25,30,30.285714285714285,18.133333333333333
2020-12-26,32,30.142857142857142,18.8
2020-12-27,10,30.428571428571427,18.766666666666666
2020-12-28,4,30.571428571428573,18.133333333333333
2020-12-29,10,31.285714285714285,18.1
2020-12-30,6,31.142857142857142,17.8
2020-12-31,5,13.857142857142858,17.1
2021-01-01,10,11.0,16.933333333333334
2021-01-02,7,7.428571428571429,16.8
2021-01-03,14,8.0,16.833333333333332
2021-01-04,4,8.0,16.4
2021-01-05,14,8.571428571428571,16.1
2021-01-06,50,14.857142857142858,17.4
2021-01-07,15,16.285714285714285,17.3
2021-01-08,16,17.142857142857142,17.4
2021-01-09,19,18.857142857142858,17.866666666666667
2021-01-10,27,20.714285714285715,18.3
2021-01-11,21,23.142857142857142,18.666666666666668
2021-01-12,14,23.142857142857142,18.833333333333332
2021-01-13,6,16.857142857142858,18.2
2021-01-14,11,16.285714285714285,18.1
2021-01-15,23,17.285714285714285,18.5
2021-01-16,27,18.428571428571427,18.833333333333332
2021-01-17,22,17.714285714285715,19.3
2021-01-18,26,18.428571428571427,19.066666666666666
2021-01-19,6,17.285714285714285,19.0
2021-01-20,16,18.714285714285715,19.433333333333334
2021-01-21,13,19.0,19.7
2021-01-22,11,17.285714285714285,19.833333333333332
2021-01-23,8,14.571428571428571,15.9
2021-01-24,10,12.857142857142858,15.233333333333333
2021-01-25,7,10.142857142857142,14.4
2021-01-26,29,13.428571428571429,15.033333333333333
2021-01-27,16,13.428571428571429,15.433333333333334
2021-01-28,15,13.714285714285714,15.6
2021-01-29,35,17.142857142857142,16.566666666666666
2021-01-30,8,17.142857142857142,16.666666666666668
2021-01-31,35,20.714285714285715,17.5
2021-02-01,4,20.285714285714285,17.4
2021-02-02,36,21.285714285714285,18.133333333333333
2021-02-03,6,19.857142857142858,18.2
2021-02-04,5,18.428571428571427,17.9
2021-02-05,9,14.714285714285714,16.533333333333335
2021-02-06,6,14.428571428571429,16.233333333333334
2021-02-07,6,10.285714285714286,15.9
2021-02-08,22,12.857142857142858,16.0
2021-02-09,21,10.714285714285714,15.8
2021-02-10,5,10.571428571428571,15.266666666666667
2021-02-11,9,11.142857142857142,15.1
2021-02-12,16,12.142857142857142,15.433333333333334
2021-02-13,6,12.142857142857142,15.266666666666667
2021-02-14,22,14.428571428571429,15.233333333333333
2021-02-15,6,12.142857142857142,14.533333333333333
2021-02-16,9,10.428571428571429,14.1
2021-02-17,8,10.857142857142858,13.5
2021-02-18,10,11.0,13.633333333333333
2021-02-19,32,13.285714285714286,14.166666666666666
2021-02-20,4,13.0,13.866666666666667
2021-02-21,9,11.142857142857142,13.8
2021-02-22,28,14.285714285714286,14.466666666666667
2021-02-23,12,14.714285714285714,14.533333333333333
2021-02-24,13,15.428571428571429,14.733333333333333
2021-02-25,7,15.0,14.0
2021-02-26,14,12.428571428571429,13.933333333333334
2021-02-27,6,12.714285714285714,13.633333333333333
2021-02-28,8,12.571428571428571,12.733333333333333
2021-03-01,19,11.285714285714286,13.1
2021-03-02,9,10.857142857142858,12.233333333333333
2021-03-03,9,10.285714285714286,12.4
2021-03-04,10,10.714285714285714,11.533333333333333
2021-03-05,14,10.714285714285714,11.8
2021-03-06,6,10.714285714285714,11.833333333333334
2021-03-07,10,11.0,11.866666666666667
2021-03-08,4,8.857142857142858,11.8
2021-03-09,10,9.0,11.933333333333334
2021-03-10,5,8.428571428571429,11.366666666666667
2021-03-11,8,8.142857142857142,10.933333333333334
2021-03-12,1,6.285714285714286,10.8
2021-03-14,14,7.428571428571429,10.966666666666667
2021-03-15,5,6.714285714285714,10.6
2021-03-16,18,8.714285714285714,11.0
2021-03-17,2,7.571428571428571,10.333333333333334
2021-03-18,2,7.142857142857143,10.2
2021-03-19,3,6.428571428571429,10.0
2021-03-20,12,8.0,10.133333333333333
2021-03-21,7,7.0,10.033333333333333
2021-03-22,22,9.428571428571429,9.7
2021-03-23,7,7.857142857142857,9.8
2021-03-24,18,10.142857142857142,10.1
2021-03-25,13,11.714285714285714,9.6
2021-03-26,12,13.0,9.6
2021-03-27,43,17.428571428571427,10.6
2021-03-28,23,19.714285714285715,11.133333333333333
2021-03-29,22,19.714285714285715,11.4
2021-03-30,22,21.857142857142858,11.933333333333334
2021-03-31,50,26.428571428571427,13.333333333333334
2021-04-01,16,26.857142857142858,13.233333333333333
2021-04-02,18,27.714285714285715,13.533333333333333
2021-04-03,30,25.857142857142858,14.233333333333333
2021-04-04,27,26.428571428571427,14.8
2021-04-05,11,24.857142857142858,14.7
2021-04-06,7,22.714285714285715,14.733333333333333
2021-04-07,17,18.0,14.966666666666667
2021-04-08,26,19.428571428571427,15.7
2021-04-09,34,21.714285714285715,16.5
2021-04-10,41,23.285714285714285,17.7
2021-04-11,14,21.428571428571427,17.9
2021-04-12,13,21.714285714285715,18.3
2021-04-13,9,22.0,18.133333333333333
2021-04-14,11,21.142857142857142,18.333333333333332
2021-04-15,16,19.714285714285715,18.266666666666666
2021-04-16,3,15.285714285714286,18.3
2021-04-17,21,12.428571428571429,18.933333333333334
2021-04-18,6,11.285714285714286,19.033333333333335
2021-04-19,23,12.714285714285714,19.4
2021-04-20,12,13.142857142857142,19.566666666666666
2021-04-21,14,13.571428571428571,19.3
2021-04-22,6,12.142857142857142,19.266666666666666
2021-04-23,6,12.571428571428571,18.866666666666667
2021-04-24,60,18.142857142857142,20.433333333333334
2021-04-25,17,19.714285714285715,20.6
2021-04-26,19,19.142857142857142,19.8
2021-04-27,9,18.714285714285715,19.333333333333332
2021-04-28,27,20.571428571428573,19.5
2021-04-29,7,20.714285714285715,19.0
2021-04-30,7,20.857142857142858,17.566666666666666
2021-05-01,12,14.0,17.433333333333334
2021-05-02,36,16.714285714285715,18.033333333333335
2021-05-03,31,18.428571428571427,18.066666666666666
2021-05-04,6,18.0,17.366666666666667
2021-05-05,11,15.714285714285714,17.366666666666667
2021-05-06,13,16.571428571428573,17.566666666666666
2021-05-07,12,17.285714285714285,17.4
2021-05-08,15,17.714285714285715,17.033333333333335
2021-05-09,28,16.571428571428573,16.833333333333332
2021-05-10,16,14.428571428571429,16.0
2021-05-11,13,15.428571428571429,15.966666666666667
2021-05-12,10,15.285714285714286,15.866666666666667
2021-05-13,16,15.714285714285714,16.1
2021-05-14,17,16.428571428571427,16.3
2021-05-15,14,16.285714285714285,16.233333333333334
2021-05-16,9,13.571428571428571,16.433333333333334
2021-05-17,13,13.142857142857142,16.166666666666668
2021-05-18,8,12.428571428571429,16.233333333333334
2021-05-19,18,13.571428571428571,16.066666666666666
2021-05-20,13,13.142857142857142,16.1
2021-05-21,33,15.428571428571429,16.733333333333334
2021-05-22,3,13.857142857142858,16.633333333333333
2021-05-23,7,13.571428571428571,16.666666666666668
2021-05-24,13,13.571428571428571,15.1
2021-05-25,12,14.142857142857142,14.933333333333334
2021-05-26,10,13.0,14.633333333333333
2021-05-27,5,11.857142857142858,14.5
2021-05-28,4,7.714285714285714,13.733333333333333
2021-05-29,18,9.857142857142858,14.1
2021-05-30,14,10.857142857142858,14.333333333333334
2021-05-31,6,9.857142857142858,14.133333333333333
2021-06-01,8,9.285714285714286,13.2
2021-06-02,22,11.0,12.9
2021-06-03,12,12.0,13.1
2021-06-04,4,12.0,12.866666666666667
2021-06-05,11,11.0,12.8
2021-06-06,6,9.857142857142858,12.6
2021-06-07,9,10.285714285714286,12.4
2021-06-08,10,10.571428571428571,11.8
2021-06-09,14,9.428571428571429,11.733333333333333
2021-06-10,6,8.571428571428571,11.5
2021-06-11,7,9.0,11.4
2021-06-12,6,8.285714285714286,11.066666666666666
2021-06-13,7,8.428571428571429,10.733333333333333
2021-06-14,6,8.0,10.466666666666667
2021-06-15,8,7.714285714285714,10.433333333333334
2021-06-16,21,8.714285714285714,10.7
2021-06-17,13,9.714285714285714,10.866666666666667
2021-06-18,7,9.714285714285714,10.5
2021-06-19,5,9.571428571428571,10.233333333333333
2021-06-20,1,8.714285714285714,9.166666666666666
2021-06-21,3,8.285714285714286,9.166666666666666
2021-06-22,6,8.0,9.133333333333333
2021-06-23,21,8.0,9.4
2021-06-24,8,7.285714285714286,9.266666666666667
2021-06-25,1,6.428571428571429,8.966666666666667
2021-06-28,12,7.428571428571429,9.2
2021-06-29,10,8.714285714285714,9.4
2021-06-30,8,9.428571428571429,9.066666666666666
2021-07-01,16,10.857142857142858,9.133333333333333
2021-07-02,11,9.428571428571429,9.3
2021-07-03,7,9.285714285714286,9.266666666666667
2021-07-04,4,9.714285714285714,8.666666666666666
2021-07-05,2,8.285714285714286,8.333333333333334
2021-07-06,15,9.0,8.7
2021-07-07,8,9.0,8.6
2021-07-08,9,8.0,8.7
2021-07-09,6,7.285714285714286,8.6
2021-07-10,13,8.142857142857142,8.7
2021-07-11,8,8.714285714285714,8.5
2021-07-12,19,11.142857142857142,8.933333333333334
2021-07-13,11,10.571428571428571,9.066666666666666
2021-07-14,18,12.0,9.466666666666667
2021-07-15,1,10.857142857142858,9.266666666666667
2021-07-16,5,10.714285714285714,9.233333333333333
2021-07-17,8,10.0,9.233333333333333
2021-07-18,13,10.714285714285714,8.966666666666667
2021-07-19,7,9.0,8.766666666666667
2021-07-20,4,8.0,8.666666666666666
2021-07-21,4,6.0,8.633333333333333
2021-07-22,9,7.142857142857143,8.9
2021-07-23,7,7.428571428571429,9.033333333333333
2021-07-24,7,7.285714285714286,9.066666666666666
2021-07-25,13,7.285714285714286,8.8
2021-07-26,15,8.428571428571429,9.033333333333333
2021-07-27,6,8.714285714285714,9.2
2021-07-28,11,9.714285714285714,9.166666666666666
2021-07-29,6,9.285714285714286,9.033333333333333
2021-07-30,12,10.0,9.166666666666666
2021-07-31,13,10.857142857142858,9.066666666666666
2021-10-01,3,9.428571428571429,8.8
2021-10-02,5,8.0,8.733333333333333
2021-10-03,2,7.428571428571429,8.666666666666666
2021-10-04,1,6.0,8.633333333333333
2021-10-05,3,5.571428571428571,8.233333333333333
2021-10-06,2,4.142857142857143,8.033333333333333
2021-10-07,2,2.5714285714285716,7.8
2021-10-08,1,2.2857142857142856,7.633333333333334
2021-10-09,3,2.0,7.3
2021-10-10,5,2.4285714285714284,7.2
2021-10-11,4,2.857142857142857,6.7
2021-10-12,5,3.142857142857143,6.5
2021-10-13,3,3.2857142857142856,6.0
2021-10-14,15,5.142857142857143,6.466666666666667
2021-10-15,3,5.428571428571429,6.4
2021-10-16,36,10.142857142857142,7.333333333333333
2021-10-17,10,10.857142857142858,7.233333333333333
2021-10-18,27,14.142857142857142,7.9
2021-10-19,24,16.857142857142858,8.566666666666666
2021-10-20,5,17.142857142857142,8.6
2021-10-21,1,15.142857142857142,8.333333333333334
2021-10-22,4,15.285714285714286,8.233333333333333
2021-10-23,3,10.571428571428571,8.1
2021-10-24,7,10.142857142857142,7.9
2021-10-25,3,6.714285714285714,7.5
2021-10-26,5,4.0,7.466666666666667
2021-10-27,13,5.142857142857143,7.533333333333333
2021-10-28,11,6.571428571428571,7.7
2021-10-29,10,7.428571428571429,7.633333333333334
2021-10-30,2,7.285714285714286,7.266666666666667
2021-10-31,3,6.714285714285714,7.266666666666667
2021-11-01,23,9.571428571428571,7.866666666666666
2021-11-02,9,10.142857142857142,8.1
2021-11-03,3,8.714285714285714,8.166666666666666
2021-11-04,8,8.285714285714286,8.333333333333334
2021-11-05,4,7.428571428571429,8.4
2021-11-06,9,8.428571428571429,8.633333333333333
2021-11-07,5,8.714285714285714,8.766666666666667
2021-11-08,21,8.428571428571429,9.366666666666667
2021-11-09,4,7.714285714285714,9.333333333333334
2021-11-10,8,8.428571428571429,9.466666666666667
2021-11-11,3,7.714285714285714,9.4
2021-11-12,3,7.571428571428571,9.4
2021-11-13,4,6.857142857142857,9.033333333333333
2021-11-14,3,6.571428571428571,9.033333333333333
2021-11-15,1,3.7142857142857144,7.866666666666666
2021-11-16,13,5.0,7.966666666666667
2021-11-17,5,4.571428571428571,7.233333333333333
2021-11-18,2,4.428571428571429,6.5
2021-11-20,4,4.571428571428571,6.466666666666667
2021-11-21,1,4.142857142857143,6.466666666666667
2021-11-23,1,3.857142857142857,6.366666666666666
2021-11-24,1,3.857142857142857,6.3
2021-11-25,2,2.2857142857142856,6.133333333333334
2021-11-26,1,1.7142857142857142,6.066666666666666
2021-11-27,8,2.5714285714285716,6.166666666666667
2021-11-28,4,2.5714285714285716,5.866666666666666
2021-11-29,9,3.7142857142857144,5.8
2021-11-30,1,3.7142857142857144,5.5
2021-12-01,6,4.428571428571429,5.633333333333334
2021-12-02,3,4.571428571428571,5.633333333333334
2021-12-03,1,4.571428571428571,4.9
2021-12-04,6,4.285714285714286,4.8
2021-12-05,2,4.0,4.766666666666667
2021-12-06,10,4.142857142857143,4.833333333333333
2021-12-07,51,11.285714285714286,6.4
2021-12-08,20,13.285714285714286,6.766666666666667
2021-12-09,8,14.0,6.866666666666666
2021-12-10,4,14.428571428571429,6.3
2021-12-11,12,15.285714285714286,6.566666666666666
2021-12-12,3,15.428571428571429,6.4
2021-12-13,10,15.428571428571429,6.633333333333334
2021-12-14,5,8.857142857142858,6.7
2021-12-15,22,9.142857142857142,7.3
2021-12-16,18,10.571428571428571,7.8
2021-12-17,16,12.285714285714286,8.3
2021-12-18,22,13.714285714285714,8.6
2021-12-19,2,13.571428571428571,8.5
2021-12-20,12,13.857142857142858,8.833333333333334
2021-12-21,23,16.428571428571427,9.466666666666667
2021-12-22,8,14.428571428571429,9.7
2021-12-24,5,12.571428571428571,9.833333333333334
2021-12-25,16,12.571428571428571,10.333333333333334
2021-12-26,7,10.428571428571429,10.5
2021-12-27,9,11.428571428571429,10.766666666666667
2021-12-28,47,16.428571428571427,12.066666666666666
2021-12-29,1,13.285714285714286,11.966666666666667
2021-12-30,1,12.285714285714286,11.7
2021-12-31,8,12.714285714285714,11.933333333333334
2022-01-01,5,11.142857142857142,11.9
2022-01-02,23,13.428571428571429,12.566666666666666
2022-01-03,18,14.714285714285714,13.133333333333333
2022-01-04,6,8.857142857142858,13.133333333333333
2022-01-05,4,9.285714285714286,13.2
2022-01-06,8,10.285714285714286,13.133333333333333
2022-01-07,5,9.857142857142858,11.6
2022-01-08,16,11.428571428571429,11.466666666666667
2022-01-09,8,9.285714285714286,11.466666666666667
2022-01-10,9,8.0,11.633333333333333
2022-01-11,11,8.714285714285714,11.6
2022-01-12,3,8.571428571428571,11.6
2022-01-13,3,7.857142857142857,11.366666666666667
2022-01-14,4,7.714285714285714,11.333333333333334
2022-01-15,14,7.428571428571429,11.066666666666666
2022-01-16,4,6.857142857142857,10.6
2022-01-17,12,7.285714285714286,10.466666666666667
2022-01-18,9,7.0,10.033333333333333
2022-01-19,2,6.857142857142857,10.033333333333333
2022-01-20,7,7.428571428571429,9.866666666666667
2022-01-21,6,7.714285714285714,9.3
2022-01-22,9,7.0,9.333333333333334
2022-01-23,2,6.714285714285714,9.233333333333333
2022-01-24,3,5.428571428571429,8.8
2022-01-25,7,5.142857142857143,8.8
2022-01-26,4,5.428571428571429,8.633333333333333
2022-01-27,5,5.142857142857143,7.233333333333333
2022-01-28,34,9.142857142857142,8.333333333333334
2022-01-29,7,8.857142857142858,8.533333333333333
2022-01-30,13,10.428571428571429,8.7
2022-01-31,7,11.0,8.766666666666667
2022-02-01,6,10.857142857142858,8.2
2022-02-02,2,10.571428571428571,7.666666666666667
2022-02-03,17,12.285714285714286,8.033333333333333
2022-02-04,9,8.714285714285714,8.2
2022-02-05,4,8.285714285714286,8.066666666666666
2022-02-06,4,7.0,8.033333333333333
2022-02-07,16,8.285714285714286,8.033333333333333
2022-02-08,9,8.714285714285714,8.066666666666666
2022-02-09,16,10.714285714285714,8.3
2022-02-10,9,9.571428571428571,8.233333333333333
2022-02-11,16,10.571428571428571,8.666666666666666
2022-02-12,12,11.714285714285714,8.966666666666667
2022-02-13,11,12.714285714285714,9.2
2022-02-14,13,12.285714285714286,9.166666666666666
2022-02-15,22,14.142857142857142,9.766666666666667
2022-02-16,3,12.285714285714286,9.466666666666667
2022-02-17,17,13.428571428571429,9.733333333333333
2022-02-18,1,11.285714285714286,9.7
2022-02-19,13,11.428571428571429,9.9
2022-02-20,24,13.285714285714286,10.5
2022-02-21,4,12.0,10.333333333333334
2022-02-22,1,9.0,10.3
2022-02-24,2,8.857142857142858,10.266666666666667
2022-02-25,28,10.428571428571429,10.966666666666667
2022-02-26,5,11.0,11.0
2022-02-28,1,9.285714285714286,10.866666666666667
2022-03-01,19,8.571428571428571,10.366666666666667
2022-03-02,13,9.857142857142858,10.566666666666666
2022-03-03,5,10.428571428571429,10.3
2022-03-04,2,10.428571428571429,10.133333333333333
2022-03-05,14,8.428571428571429,10.4
2022-03-06,6,8.571428571428571,10.533333333333333
2022-03-07,7,9.428571428571429,10.2
2022-03-08,6,7.571428571428571,10.1
2022-03-09,7,6.714285714285714,10.2
2022-03-10,7,7.0,10.3
2022-03-11,15,8.857142857142858,10.266666666666667
2022-03-12,7,7.857142857142857,10.2
2022-03-13,18,9.571428571428571,10.266666666666667
2022-03-14,11,10.142857142857142,10.333333333333334
2022-03-15,3,9.714285714285714,9.9
2022-03-16,13,10.571428571428571,9.933333333333334
2022-03-17,10,11.0,9.9
2022-03-18,27,12.714285714285714,10.366666666666667
2022-03-19,8,12.857142857142858,9.9
2022-03-20,8,11.428571428571429,10.066666666666666
2022-03-21,2,10.142857142857142,9.566666666666666
2022-03-22,6,10.571428571428571,9.733333333333333
2022-03-23,15,10.857142857142858,9.8
2022-03-24,14,11.428571428571429,9.466666666666667
2022-03-25,11,9.142857142857142,9.7
2022-03-26,9,9.285714285714286,9.966666666666667
2022-03-27,12,9.857142857142858,10.3
2022-03-28,4,10.142857142857142,9.5
2022-03-29,7,10.285714285714286,9.566666666666666
2022-03-30,2,8.428571428571429,9.6
2022-03-31,23,9.714285714285714,9.733333333333333
2022-04-01,10,9.571428571428571,9.633333333333333
2022-04-02,6,9.142857142857142,9.666666666666666
2022-04-03,4,8.0,9.733333333333333
2022-04-04,13,9.285714285714286,9.7
2022-04-05,7,9.285714285714286,9.733333333333333
2022-04-06,17,11.428571428571429,10.066666666666666
2022-04-07,9,9.428571428571429,10.166666666666666
2022-04-08,25,11.571428571428571,10.766666666666667
2022-04-09,19,13.428571428571429,11.166666666666666
2022-04-10,8,14.0,10.933333333333334
2022-04-11,12,13.857142857142858,11.1
2022-04-12,7,13.857142857142858,10.733333333333333
2022-04-13,9,12.714285714285714,10.666666666666666
2022-04-14,10,12.857142857142858,10.9
2022-04-15,15,11.428571428571429,10.966666666666667
2022-04-16,9,10.0,10.933333333333334
2022-04-17,18,11.428571428571429,10.633333333333333
2022-04-18,9,11.0,10.666666666666666
2022-04-19,3,10.428571428571429,10.5
2022-04-20,9,10.428571428571429,10.733333333333333
2022-04-22,32,13.571428571428571,11.6
2022-04-23,15,13.571428571428571,11.6
2022-04-24,18,14.857142857142858,11.733333333333333
2022-04-25,6,13.142857142857142,11.566666666666666
2022-04-26,22,15.0,12.0
2022-04-27,13,16.428571428571427,12.033333333333333
2022-04-28,5,15.857142857142858,12.066666666666666
2022-04-29,21,14.285714285714286,12.533333333333333
2022-04-30,11,13.714285714285714,12.833333333333334
2022-05-01,4,11.714285714285714,12.2
2022-05-02,22,14.0,12.6
2022-05-03,1,11.0,12.433333333333334
2022-05-04,3,9.571428571428571,12.4
2022-05-05,4,9.428571428571429,12.1
2022-05-06,2,6.714285714285714,11.933333333333334
2022-05-07,8,6.285714285714286,11.633333333333333
2022-05-08,1,5.857142857142857,11.366666666666667
2022-05-09,5,3.4285714285714284,10.7
2022-05-10,48,10.142857142857142,11.666666666666666
2022-05-11,5,10.428571428571429,11.566666666666666
2022-05-12,5,10.571428571428571,11.333333333333334
2022-05-13,6,11.142857142857142,11.3
2022-05-14,3,10.428571428571429,11.1
2022-05-15,13,12.142857142857142,11.2
2022-05-16,6,12.285714285714286,10.9
2022-05-17,9,6.714285714285714,10.9
2022-05-18,5,6.714285714285714,10.466666666666667
2022-05-19,8,7.142857142857143,10.433333333333334
2022-05-20,14,8.285714285714286,10.8
2022-05-21,14,9.857142857142858,10.966666666666667
2022-05-22,2,8.285714285714286,9.966666666666667
2022-05-23,8,8.571428571428571,9.733333333333333
2022-05-24,17,9.714285714285714,9.7
2022-05-25,9,10.285714285714286,9.8
2022-05-26,10,10.571428571428571,9.4
2022-05-27,13,10.428571428571429,9.4
2022-05-28,6,9.285714285714286,9.433333333333334
2022-05-29,6,9.857142857142858,8.933333333333334
2022-05-30,31,13.142857142857142,9.6
2022-05-31,11,12.285714285714286,9.833333333333334
2022-06-01,26,14.714285714285714,9.966666666666667
2022-06-02,3,13.714285714285714,10.033333333333333
2022-06-03,3,12.285714285714286,10.033333333333333
2022-06-04,6,12.285714285714286,10.1
2022-06-05,4,12.0,10.166666666666666
2022-06-06,11,9.142857142857142,10.266666666666667
2022-06-07,54,15.285714285714286,12.033333333333333
2022-06-08,15,13.714285714285714,12.366666666666667
2022-06-09,2,13.571428571428571,10.833333333333334
2022-06-10,8,14.285714285714286,10.933333333333334
2022-06-11,17,15.857142857142858,11.333333333333334
2022-06-12,10,16.714285714285715,11.466666666666667
2022-06-13,2,15.428571428571429,11.433333333333334
2022-06-14,5,8.428571428571429,11.166666666666666
2022-06-15,8,7.428571428571429,11.233333333333333
2022-06-16,19,9.857142857142858,11.566666666666666
2022-06-17,2,9.0,11.466666666666667
2022-06-18,22,9.714285714285714,11.933333333333334
2022-06-19,16,10.571428571428571,12.0
2022-06-20,9,11.571428571428571,11.833333333333334
2022-06-21,15,13.0,12.266666666666667
2022-06-22,9,13.142857142857142,12.3
2022-06-23,11,12.0,12.1
2022-06-24,9,13.0,12.1
2022-06-25,18,12.428571428571429,12.366666666666667
2022-06-26,4,10.714285714285714,12.066666666666666
2022-06-27,7,10.428571428571429,12.1
2022-06-28,3,8.714285714285714,12.0
2022-06-29,3,7.857142857142857,11.066666666666666
2022-06-30,6,7.142857142857143,10.9
2022-07-01,2,6.142857142857143,10.1
2022-07-02,8,4.714285714285714,10.266666666666667
2022-07-03,3,4.571428571428571,10.266666666666667
2022-07-04,19,6.285714285714286,10.7
2022-07-05,12,7.571428571428571,10.966666666666667
2022-07-06,5,7.857142857142857,10.766666666666667
2022-07-07,24,10.428571428571429,9.766666666666667
2022-07-08,7,11.142857142857142,9.5
2022-07-09,2,10.285714285714286,9.5
2022-07-10,6,10.714285714285714,9.433333333333334
2022-07-11,8,9.142857142857142,9.133333333333333
2022-07-12,14,9.428571428571429,9.266666666666667
2022-07-13,7,9.714285714285714,9.433333333333334
2022-07-14,18,8.857142857142858,9.866666666666667
2022-07-15,9,9.142857142857142,9.9
2022-07-16,9,10.142857142857142,9.566666666666666
2022-07-17,2,9.571428571428571,9.566666666666666
2022-07-18,7,9.428571428571429,9.066666666666666
2022-07-19,11,9.0,8.9
2022-07-20,21,11.0,9.3
2022-07-21,31,12.857142857142858,9.833333333333334
2022-07-22,6,12.428571428571429,9.733333333333333
2022-07-23,16,13.428571428571429,9.9
2022-07-24,3,13.571428571428571,9.7
2022-07-25,16,14.857142857142858,9.633333333333333
2022-07-26,8,14.428571428571429,9.766666666666667
2022-07-27,2,11.714285714285714,9.6
2022-07-28,21,10.285714285714286,10.2
2022-07-29,18,12.0,10.7
2022-07-30,1,9.857142857142858,10.533333333333333
2022-07-31,3,9.857142857142858,10.566666666666666
2022-10-02,8,8.714285714285714,10.566666666666666
2022-10-03,3,8.0,10.566666666666666
2022-10-04,8,8.857142857142858,10.2
2022-10-05,11,7.428571428571429,10.166666666666666
2022-10-06,5,5.571428571428571,10.166666666666666
2022-10-07,17,7.857142857142857,9.933333333333334
2022-10-08,20,10.285714285714286,10.366666666666667
2022-10-09,22,12.285714285714286,11.033333333333333
2022-10-10,10,13.285714285714286,11.166666666666666
2022-10-11,17,14.571428571428571,11.466666666666667
2022-10-12,11,14.571428571428571,11.366666666666667
2022-10-13,10,15.285714285714286,11.466666666666667
2022-10-14,16,15.142857142857142,11.4
2022-10-15,12,14.0,11.5
2022-10-16,32,15.428571428571429,12.266666666666667
2022-10-17,7,15.0,12.433333333333334
2022-10-18,15,14.714285714285714,12.7
2022-10-19,34,18.0,13.466666666666667
2022-10-20,4,17.142857142857142,12.9
2022-10-21,12,16.571428571428573,12.266666666666667
2022-10-22,16,17.142857142857142,12.6
2022-10-23,11,14.142857142857142,12.433333333333334
2022-10-24,5,13.857142857142858,12.5
2022-10-25,11,13.285714285714286,12.333333333333334
2022-10-26,6,9.285714285714286,12.266666666666667
2022-10-27,23,12.0,12.966666666666667
2022-10-28,15,12.428571428571429,12.766666666666667
2022-10-29,7,11.142857142857142,12.4
2022-10-30,6,10.428571428571429,12.566666666666666
2022-10-31,2,10.0,12.533333333333333
2022-11-01,12,10.142857142857142,12.666666666666666
2022-11-02,3,9.714285714285714,12.666666666666666
2022-11-03,17,8.857142857142858,12.966666666666667
2022-11-04,8,7.857142857142857,12.866666666666667
2022-11-05,11,8.428571428571429,13.066666666666666
2022-11-06,5,8.285714285714286,12.666666666666666
2022-11-07,7,9.0,12.233333333333333
2022-11-08,100,21.571428571428573,14.833333333333334
2022-11-09,8,22.285714285714285,14.766666666666667
2022-11-10,24,23.285714285714285,15.0
2022-11-11,11,23.714285714285715,15.0
2022-11-12,15,24.285714285714285,15.166666666666666
2022-11-13,1,23.714285714285715,14.666666666666666
2022-11-14,8,23.857142857142858,14.533333333333333
2022-11-15,34,14.428571428571429,14.6
2022-11-16,6,14.142857142857142,14.566666666666666
2022-11-17,11,12.285714285714286,14.433333333333334
2022-11-18,9,12.0,13.6
2022-11-19,7,10.857142857142858,13.7
2022-11-20,32,15.285714285714286,14.366666666666667
2022-11-21,12,15.857142857142858,14.233333333333333
2022-11-22,30,15.285714285714286,14.866666666666667
2022-11-23,27,18.285714285714285,15.6
2022-11-24,33,21.428571428571427,16.333333333333332
2022-11-25,17,22.571428571428573,16.7
2022-11-26,6,22.428571428571427,16.133333333333333
2022-11-27,11,19.428571428571427,16.0
2022-11-28,6,18.571428571428573,15.966666666666667
2022-11-29,13,16.142857142857142,16.2
2022-11-30,8,13.428571428571429,16.4
2022-12-01,7,9.714285714285714,16.233333333333334
2022-12-02,23,10.571428571428571,16.9
2022-12-03,27,13.571428571428571,17.233333333333334
2022-12-04,10,13.428571428571429,17.3
2022-12-05,76,23.428571428571427,19.466666666666665
2022-12-06,20,24.428571428571427,19.966666666666665
2022-12-07,13,25.142857142857142,20.166666666666668
2022-12-08,14,26.142857142857142,17.3
2022-12-09,11,24.428571428571427,17.4
2022-12-10,19,23.285714285714285,17.233333333333334
2022-12-11,29,26.0,17.833333333333332
2022-12-12,3,15.571428571428571,17.433333333333334
2022-12-13,18,15.285714285714286,18.0
2022-12-14,13,15.285714285714286,18.166666666666668
2022-12-15,6,14.142857142857142,17.233333333333334
2022-12-16,31,17.0,18.066666666666666
2022-12-17,30,18.571428571428573,18.7
2022-12-18,9,15.714285714285714,18.7
2022-12-19,23,18.571428571428573,19.233333333333334
2022-12-20,10,17.428571428571427,18.5
2022-12-21,4,16.142857142857142,18.233333333333334
2022-12-22,8,16.428571428571427,17.5
2022-12-23,14,14.0,17.066666666666666
2022-12-24,19,12.428571428571429,16.6
2022-12-25,10,12.571428571428571,16.366666666666667
2022-12-26,10,10.714285714285714,16.5
2022-12-27,12,11.0,16.533333333333335
2022-12-28,8,11.571428571428571,16.6
2022-12-29,1,10.571428571428571,16.2
2022-12-30,5,9.285714285714286,16.1
2022-12-31,23,9.857142857142858,16.633333333333333
2023-01-01,11,10.0,16.233333333333334
2023-01-02,25,12.142857142857142,16.166666666666668
2023-01-03,13,12.285714285714286,16.266666666666666
2023-01-04,10,12.571428571428571,14.066666666666666
2023-01-05,18,15.0,14.0
2023-01-06,18,16.857142857142858,14.166666666666666
2023-01-07,20,16.428571428571427,14.366666666666667
2023-01-08,7,15.857142857142858,14.233333333333333
2023-01-09,8,13.428571428571429,13.866666666666667
2023-01-10,29,15.714285714285714,13.866666666666667
2023-01-11,7,15.285714285714286,14.0
2023-01-12,22,15.857142857142858,14.133333333333333
2023-01-13,6,14.142857142857142,13.9
2023-01-14,31,15.714285714285714,14.733333333333333
2023-01-15,5,15.428571428571429,13.866666666666667
2023-01-16,2,14.571428571428571,12.933333333333334
2023-01-17,31,14.857142857142858,13.666666666666666
2023-01-18,11,15.428571428571429,13.266666666666667
2023-01-19,13,14.142857142857142,13.366666666666667
2023-01-20,4,13.857142857142858,13.366666666666667
2023-01-21,14,11.428571428571429,13.566666666666666
2023-01-22,12,12.428571428571429,13.5
2023-01-23,23,15.428571428571429,13.633333333333333
2023-01-24,50,18.142857142857142,14.966666666666667
2023-01-25,24,20.0,15.433333333333334
2023-01-26,52,25.571428571428573,16.766666666666666
2023-01-27,15,27.142857142857142,17.0
2023-01-28,38,30.571428571428573,18.233333333333334
2023-01-29,16,31.142857142857142,18.6
2023-01-30,22,31.0,18.566666666666666
2023-01-31,10,25.285714285714285,18.533333333333335
2023-02-01,5,22.571428571428573,17.866666666666667
2023-02-02,9,16.428571428571427,17.733333333333334
2023-02-03,17,16.714285714285715,17.966666666666665
2023-02-04,10,12.714285714285714,17.7
2023-02-05,6,11.285714285714286,17.3
2023-02-06,10,9.571428571428571,16.966666666666665
2023-02-07,16,10.428571428571429,17.266666666666666
2023-02-08,24,13.142857142857142,17.8
2023-02-09,4,12.428571428571429,16.966666666666665
2023-02-10,7,11.0,16.966666666666665
2023-02-11,9,10.857142857142858,16.533333333333335
2023-02-12,12,11.714285714285714,16.733333333333334
2023-02-13,30,14.571428571428571,16.7
2023-02-14,35,17.285714285714285,17.7
2023-02-15,8,15.0,17.9
2023-02-16,9,15.714285714285714,17.166666666666668
2023-02-17,18,17.285714285714285,17.4
2023-02-18,14,18.0,17.433333333333334
2023-02-19,26,20.0,18.166666666666668
2023-02-20,26,19.428571428571427,18.566666666666666
2023-02-21,26,18.142857142857142,19.033333333333335
2023-02-22,8,18.142857142857142,18.533333333333335
2023-02-23,14,18.857142857142858,17.333333333333332
2023-02-24,26,20.0,17.4
2023-02-25,35,23.0,16.833333333333332
2023-02-26,4,19.857142857142858,16.466666666666665
2023-02-27,31,20.571428571428573,16.233333333333334
2023-02-28,12,18.571428571428573,16.1
2023-03-01,19,20.142857142857142,16.0
2023-03-02,15,20.285714285714285,16.166666666666668
2023-03-03,28,20.571428571428573,16.933333333333334
2023-03-04,26,19.285714285714285,17.5
2023-03-05,5,19.428571428571427,17.1
2023-03-06,38,20.428571428571427,18.033333333333335
2023-03-07,19,21.428571428571427,18.466666666666665
2023-03-08,5,19.428571428571427,18.3
2023-03-09,15,19.428571428571427,18.266666666666666
2023-03-10,18,18.0,18.066666666666666
2023-03-11,49,21.285714285714285,19.566666666666666
2023-03-12,7,21.571428571428573,19.566666666666666
2023-03-13,40,21.857142857142858,20.6
2023-03-14,13,21.0,20.633333333333333
2023-03-15,7,21.285714285714285,19.866666666666667
2023-03-16,21,22.142857142857142,19.4
2023-03-17,22,22.714285714285715,19.866666666666667
2023-03-18,20,18.571428571428573,20.233333333333334
2023-03-19,15,19.714285714285715,20.133333333333333
2023-03-20,13,15.857142857142858,20.1
2023-03-21,18,16.571428571428573,19.833333333333332
2023-03-22,13,17.428571428571427,19.4
2023-03-23,11,16.0,18.9
2023-03-24,10,14.285714285714286,18.966666666666665
2023-03-25,6,12.285714285714286,18.7
2023-03-26,30,14.428571428571429,18.833333333333332
2023-03-27,31,17.0,18.7
2023-03-28,14,16.428571428571427,19.033333333333335
2023-03-29,13,16.428571428571427,18.433333333333334
2023-03-30,6,15.714285714285714,18.233333333333334
2023-03-31,2,14.571428571428571,17.666666666666668
2023-04-01,20,16.571428571428573,17.833333333333332
2023-04-02,3,12.714285714285714,17.0
2023-04-03,11,9.857142857142858,16.5
2023-04-04,18,10.428571428571429,16.933333333333334
2023-04-05,15,10.714285714285714,16.166666666666668
2023-04-06,8,11.0,15.8
2023-04-07,41,16.571428571428573,17.0
2023-04-08,6,14.571428571428571,16.7
2023-04-09,9,15.428571428571429,16.4
2023-04-10,18,16.428571428571427,15.366666666666667
2023-04-11,21,16.857142857142858,15.833333333333334
2023-04-12,54,22.428571428571427,16.3
2023-04-13,14,23.285714285714285,16.333333333333332
2023-04-14,8,18.571428571428573,16.366666666666667
2023-04-15,11,19.285714285714285,16.033333333333335
2023-04-16,13,19.857142857142858,15.733333333333333
2023-04-17,39,22.857142857142858,16.366666666666667
2023-04-18,30,24.142857142857142,16.866666666666667
2023-04-19,17,18.857142857142858,17.0
2023-04-20,6,17.714285714285715,16.6
2023-04-21,11,18.142857142857142,16.533333333333335
2023-04-22,10,18.0,16.5
2023-04-23,20,19.0,16.833333333333332
2023-04-24,9,14.714285714285714,16.933333333333334
2023-04-25,32,15.0,17.0
2023-04-26,5,13.285714285714286,16.133333333333333
2023-04-27,38,17.857142857142858,16.933333333333334
2023-04-28,10,17.714285714285715,16.833333333333332
2023-04-29,22,19.428571428571427,17.366666666666667
2023-04-30,10,18.0,17.633333333333333
2023-05-01,36,21.857142857142858,18.166666666666668
2023-05-02,19,20.0,18.7
2023-05-03,21,22.285714285714285,19.033333333333335
2023-05-04,8,18.0,18.7
2023-05-05,26,20.285714285714285,19.066666666666666
2023-05-06,4,17.714285714285715,18.933333333333334
2023-05-07,9,17.571428571428573,17.866666666666667
2023-05-08,24,15.857142857142858,18.466666666666665
2023-05-09,38,18.571428571428573,19.433333333333334
2023-05-10,6,16.428571428571427,19.033333333333335
2023-05-11,10,16.714285714285715,18.666666666666668
2023-05-12,11,14.571428571428571,17.233333333333334
2023-05-13,25,17.571428571428573,17.6
2023-05-14,12,18.0,17.733333333333334
2023-05-15,17,17.0,17.933333333333334
2023-05-16,15,13.714285714285714,18.0
2023-05-17,13,14.714285714285714,17.133333333333333
2023-05-18,12,15.0,16.533333333333335
2023-05-19,15,15.571428571428571,16.466666666666665
2023-05-20,14,14.0,16.733333333333334
2023-05-21,18,14.857142857142858,16.966666666666665
2023-05-22,22,15.571428571428571,17.366666666666667
2023-05-23,16,15.714285714285714,17.233333333333334
2023-05-24,10,15.285714285714286,17.266666666666666
2023-05-25,4,14.142857142857142,16.333333333333332
2023-05-26,4,12.571428571428571,16.3
2023-05-27,19,13.285714285714286,15.666666666666666
2023-05-28,13,12.571428571428571,15.766666666666667
2023-05-29,17,11.857142857142858,15.6
2023-05-30,15,11.714285714285714,15.766666666666667
2023-05-31,10,11.714285714285714,14.9
2023-06-01,12,12.857142857142858,14.666666666666666
2023-06-02,29,16.428571428571427,14.933333333333334
2023-06-03,13,15.571428571428571,15.1
2023-06-04,11,15.285714285714286,14.6
2023-06-05,29,17.0,15.433333333333334
2023-06-06,12,16.571428571428573,15.533333333333333
2023-06-07,12,16.857142857142858,15.133333333333333
2023-06-08,25,18.714285714285715,14.7
2023-06-09,12,16.285714285714285,14.9
2023-06-10,9,15.714285714285714,14.866666666666667
2023-06-11,22,17.285714285714285,15.233333333333333
2023-06-12,11,14.714285714285714,14.766666666666667
2023-06-13,10,14.428571428571429,14.7
2023-06-14,12,14.428571428571429,14.533333333333333
2023-06-15,5,11.571428571428571,14.2
2023-06-16,3,10.285714285714286,13.866666666666667
2023-06-17,19,11.714285714285714,14.1
2023-06-18,26,12.285714285714286,14.466666666666667
2023-06-19,2,11.0,14.066666666666666
2023-06-20,7,10.571428571428571,13.7
2023-06-21,4,9.428571428571429,13.1
2023-06-22,4,9.285714285714286,12.7
2023-06-23,4,9.428571428571429,12.5
2023-06-24,10,8.142857142857142,12.7
2023-06-25,3,4.857142857142857,12.666666666666666
2023-06-26,10,6.0,12.366666666666667
2023-06-27,6,5.857142857142857,12.133333333333333
2023-06-28,112,21.285714285714285,15.3
2023-06-29,10,22.142857142857142,15.133333333333333
2023-06-30,19,24.285714285714285,15.433333333333334
2023-07-01,10,24.285714285714285,15.366666666666667
2023-07-02,10,25.285714285714285,14.733333333333333
2023-07-03,20,26.714285714285715,14.966666666666667
2023-07-04,19,28.571428571428573,15.233333333333333
2023-07-05,40,18.285714285714285,15.6
2023-07-06,4,17.428571428571427,15.333333333333334
2023-07-07,19,17.428571428571427,15.566666666666666
2023-07-08,5,16.714285714285715,14.9
2023-07-09,9,16.571428571428573,14.8
2023-07-10,20,16.571428571428573,15.166666666666666
2023-07-11,31,18.285714285714285,15.466666666666667
2023-07-12,5,13.285714285714286,15.266666666666667
2023-07-13,21,15.714285714285714,15.633333333333333
2023-07-14,14,15.0,15.7
2023-07-15,9,15.571428571428571,15.833333333333334
2023-07-16,15,16.428571428571427,16.233333333333334
2023-07-17,13,15.428571428571429,16.033333333333335
2023-07-18,47,17.714285714285715,16.733333333333334
2023-07-19,8,18.142857142857142,16.933333333333334
2023-07-20,7,16.142857142857142,16.933333333333334
2023-07-21,8,15.285714285714286,17.066666666666666
2023-07-22,15,16.142857142857142,17.433333333333334
2023-07-23,14,16.0,17.766666666666666
2023-07-24,17,16.571428571428573,18.0
2023-07-25,16,12.142857142857142,18.433333333333334
2023-07-26,19,13.714285714285714,18.733333333333334
2023-07-27,10,14.142857142857142,18.866666666666667
2023-07-28,8,14.142857142857142,15.4
2023-07-29,15,14.142857142857142,15.566666666666666
2023-07-30,8,13.285714285714286,15.2
2023-07-31,10,12.285714285714286,15.2
2023-10-01,7,11.0,15.1
2023-10-02,6,9.142857142857142,14.633333333333333
2023-10-03,12,9.428571428571429,14.4
2023-10-04,3,8.714285714285714,13.166666666666666
2023-10-05,1,6.714285714285714,13.066666666666666
2023-10-06,6,6.428571428571429,12.633333333333333
2023-10-07,2,5.285714285714286,12.533333333333333
2023-10-08,7,5.285714285714286,12.466666666666667
2023-10-09,23,7.714285714285714,12.566666666666666
2023-10-10,2,6.285714285714286,11.6
2023-10-11,7,6.857142857142857,11.666666666666666
2023-10-12,9,8.0,11.266666666666667
2023-10-14,27,11.0,11.7
2023-10-15,2,11.0,11.466666666666667
2023-10-16,12,11.714285714285714,11.366666666666667
2023-10-17,7,9.428571428571429,11.166666666666666
2023-10-18,6,10.0,9.8
2023-10-19,3,9.428571428571429,9.633333333333333
2023-10-20,20,11.0,10.066666666666666
2023-10-21,2,7.428571428571429,9.866666666666667
2023-10-22,1,7.285714285714286,9.4
2023-10-23,26,9.285714285714286,9.8
2023-10-24,18,10.857142857142858,9.833333333333334
2023-10-25,7,11.0,9.533333333333333
2023-10-26,8,11.714285714285714,9.166666666666666
2023-10-27,7,9.857142857142858,9.066666666666666
2023-10-28,8,10.714285714285714,9.066666666666666
2023-10-29,5,11.285714285714286,8.733333333333333
2023-10-30,5,8.285714285714286,8.633333333333333
2023-10-31,14,7.714285714285714,8.766666666666667
2023-11-01,15,8.857142857142858,9.033333333333333
2023-11-02,6,8.571428571428571,9.033333333333333
2023-11-03,1,7.714285714285714,8.666666666666666
2023-11-04,19,9.285714285714286,9.2
2023-11-05,30,12.857142857142858,10.166666666666666
2023-11-06,9,13.428571428571429,10.266666666666667
2023-11-07,23,14.714285714285714,10.966666666666667
2023-11-08,5,13.285714285714286,10.9
2023-11-09,8,13.571428571428571,10.4
2023-11-10,8,14.571428571428571,10.6
2023-11-11,14,13.857142857142858,10.833333333333334
2023-11-12,40,15.285714285714286,11.866666666666667
2023-11-13,21,17.0,11.666666666666666
2023-11-14,5,14.428571428571429,11.766666666666667
2023-11-15,47,20.428571428571427,12.933333333333334
2023-11-16,41,25.142857142857142,14.066666666666666
2023-11-17,23,27.285714285714285,14.633333333333333
2023-11-18,13,27.142857142857142,14.966666666666667
2023-11-19,8,22.571428571428573,14.566666666666666
2023-11-20,27,23.428571428571427,15.4
2023-11-21,4,23.285714285714285,15.5
2023-11-22,19,19.285714285714285,15.266666666666667
2023-11-23,11,15.0,15.033333333333333
2023-11-24,49,18.714285714285715,16.433333333333334
2023-11-25,10,18.285714285714285,16.5
2023-11-26,76,28.0,18.8
2023-11-27,8,25.285714285714285,18.8
2023-11-28,10,26.142857142857142,18.966666666666665
2023-11-29,19,26.142857142857142,19.433333333333334
2023-11-30,3,25.0,19.066666666666666
2023-12-01,6,18.857142857142858,18.766666666666666
2023-12-02,25,21.0,19.4
2023-12-03,22,13.285714285714286,20.1
2023-12-04,10,13.571428571428571,19.8
2023-12-05,8,13.285714285714286,19.066666666666666
2023-12-06,29,14.714285714285714,19.733333333333334
2023-12-07,22,17.428571428571427,19.7
2023-12-08,66,26.0,21.733333333333334
2023-12-09,14,24.428571428571427,21.933333333333334
2023-12-10,77,32.285714285714285,24.233333333333334
2023-12-11,27,34.714285714285715,24.666666666666668
2023-12-12,4,34.142857142857146,23.466666666666665
2023-12-13,9,31.285714285714285,23.066666666666666
2023-12-14,17,30.571428571428573,23.466666666666665
2023-12-15,5,21.857142857142858,22.066666666666666
2023-12-16,8,21.0,20.966666666666665
2023-12-17,9,11.285714285714286,20.5
2023-12-18,35,12.428571428571429,21.233333333333334
2023-12-19,42,17.857142857142858,22.366666666666667
2023-12-20,8,17.714285714285715,21.733333333333334
2023-12-21,29,19.428571428571427,22.566666666666666
2023-12-22,20,21.571428571428573,22.6
2023-12-23,19,23.142857142857142,22.866666666666667
2023-12-24,45,28.285714285714285,22.733333333333334
2023-12-25,14,25.285714285714285,22.866666666666667
2023-12-26,10,20.714285714285715,20.666666666666668
2023-12-27,43,25.714285714285715,21.833333333333332
2023-12-28,17,24.0,22.066666666666666
2023-12-29,29,25.285714285714285,22.4
2023-12-30,3,23.0,22.4
2023-12-31,50,23.714285714285715,23.866666666666667
2024-01-01,5,22.428571428571427,23.2
2024-01-02,47,27.714285714285715,24.033333333333335
2024-01-03,68,31.285714285714285,25.966666666666665
2024-01-04,16,31.142857142857142,26.233333333333334
2024-01-05,16,29.285714285714285,25.8
2024-01-06,25,32.42857142857143,25.9
2024-01-07,50,32.42857142857143,25.366666666666667
2024-01-08,61,40.42857142857143,26.933333333333334
2024-01-09,42,39.714285714285715,25.766666666666666
2024-01-10,19,32.714285714285715,25.5
2024-01-11,29,34.57142857142857,26.333333333333332
2024-01-12,2,32.57142857142857,26.1
2024-01-13,11,30.571428571428573,25.9
2024-01-14,60,32.0,27.733333333333334
2024-01-15,23,26.571428571428573,28.233333333333334
2024-01-16,8,21.714285714285715,28.2
2024-01-17,6,19.857142857142858,27.233333333333334
2024-01-18,14,17.714285714285715,26.3
2024-01-19,77,28.428571428571427,28.6
2024-01-20,16,29.142857142857142,28.166666666666668
2024-01-21,64,29.714285714285715,29.633333333333333
2024-01-22,14,28.428571428571427,29.466666666666665
2024-01-23,54,35.0,29.766666666666666
2024-01-24,43,40.285714285714285,30.733333333333334
2024-01-25,21,41.285714285714285,31.1
2024-01-26,40,36.0,31.0
2024-01-27,13,35.57142857142857,30.866666666666667
2024-01-28,25,30.0,30.733333333333334
2024-01-29,147,49.0,35.53333333333333
2024-01-30,29,45.42857142857143,34.833333333333336
2024-01-31,57,47.42857142857143,36.56666666666667
2024-02-01,39,50.0,36.3
2024-02-02,7,45.285714285714285,34.266666666666666
2024-02-03,12,45.142857142857146,34.13333333333333
2024-02-04,15,43.714285714285715,34.1
2024-02-05,46,29.285714285714285,34.8
2024-02-06,5,25.857142857142858,33.3
2024-02-07,4,18.285714285714285,31.4
2024-02-08,25,16.285714285714285,30.833333333333332
2024-02-09,26,19.0,31.066666666666666
2024-02-10,31,21.714285714285715,31.133333333333333
2024-02-11,42,25.571428571428573,32.46666666666667
2024-02-12,25,22.571428571428573,32.93333333333333
2024-02-13,15,24.0,31.433333333333334
2024-02-14,52,30.857142857142858,32.4
2024-02-15,15,29.428571428571427,32.63333333333333
2024-02-16,103,40.42857142857143,35.86666666666667
2024-02-17,55,43.857142857142854,37.233333333333334
2024-02-18,16,40.142857142857146,35.2
2024-02-19,20,39.42857142857143,35.333333333333336
2024-02-20,61,46.0,35.233333333333334
2024-02-21,4,39.142857142857146,34.9
2024-02-22,9,38.285714285714285,33.4
2024-02-23,23,26.857142857142858,32.733333333333334
2024-02-24,19,21.714285714285715,32.666666666666664
2024-02-25,5,20.142857142857142,31.5
2024-02-26,10,18.714285714285715,31.4
2024-02-27,20,12.857142857142858,31.233333333333334
2024-02-28,13,14.142857142857142,26.766666666666666
2024-02-29,37,18.142857142857142,27.033333333333335
2024-03-01,14,16.857142857142858,25.6
2024-03-02,13,16.0,24.733333333333334
2024-03-03,18,17.857142857142858,25.1
2024-03-04,13,18.285714285714285,25.133333333333333
2024-03-05,80,26.857142857142858,27.3
2024-03-06,30,29.285714285714285,26.766666666666666
2024-03-07,28,28.0,27.533333333333335
2024-03-08,35,31.0,28.566666666666666
2024-03-09,1,29.285714285714285,27.766666666666666
2024-03-10,6,27.571428571428573,27.1
2024-03-11,131,44.42857142857143,30.433333333333334
2024-03-12,123,50.57142857142857,33.13333333333333
2024-03-13,92,59.42857142857143,35.36666666666667
2024-03-14,44,61.714285714285715,36.333333333333336
2024-03-15,64,65.85714285714286,36.733333333333334
2024-03-16,14,67.71428571428571,36.7
2024-03-17,46,73.42857142857143,34.8
2024-03-18,44,61.0,34.43333333333333
2024-03-19,67,53.0,36.13333333333333
2024-03-20,46,46.42857142857143,37.0
2024-03-21,24,43.57142857142857,35.766666666666666
2024-03-22,37,39.714285714285715,36.86666666666667
2024-03-23,24,41.142857142857146,37.36666666666667
2024-03-24,32,39.142857142857146,37.666666666666664
2024-03-25,15,35.0,37.53333333333333
2024-03-26,36,30.571428571428573,38.56666666666667
2024-03-27,33,28.714285714285715,39.333333333333336
2024-03-28,23,28.571428571428573,39.43333333333333
2024-03-29,29,27.428571428571427,39.96666666666667
2024-03-30,46,30.571428571428573,40.266666666666666
2024-03-31,62,34.857142857142854,41.86666666666667
2024-04-01,106,47.857142857142854,44.96666666666667
2024-04-02,7,43.714285714285715,44.6
2024-04-03,7,40.0,44.4
2024-04-04,3,37.142857142857146,41.833333333333336
2024-04-05,16,35.285714285714285,41.36666666666667
2024-04-06,12,30.428571428571427,40.833333333333336
2024-04-07,9,22.857142857142858,39.96666666666667
2024-04-08,15,9.857142857142858,40.43333333333333
2024-04-09,28,12.857142857142858,41.166666666666664
2024-04-10,25,15.428571428571429,37.63333333333333
2024-04-11,15,17.142857142857142,34.03333333333333
2024-04-12,32,19.428571428571427,32.03333333333333
2024-04-13,31,22.142857142857142,31.6
2024-04-14,29,25.0,30.433333333333334
2024-04-15,35,27.857142857142858,31.133333333333333
2024-04-16,27,27.714285714285715,30.5
2024-04-17,33,28.857142857142858,30.133333333333333
2024-04-18,4,27.285714285714285,28.033333333333335
2024-04-19,64,31.857142857142858,28.633333333333333
2024-04-20,61,36.142857142857146,29.866666666666667
2024-04-21,34,36.857142857142854,29.766666666666666
2024-04-22,11,33.42857142857143,29.333333333333332
2024-04-23,163,52.857142857142854,33.7
2024-04-24,4,48.714285714285715,33.333333333333336
2024-04-25,4,48.714285714285715,32.266666666666666
2024-04-26,36,44.714285714285715,32.36666666666667
2024-04-27,16,38.285714285714285,32.13333333333333
2024-04-28,23,36.714285714285715,31.933333333333334
2024-04-29,57,43.285714285714285,32.3
2024-04-30,95,33.57142857142857,33.4
2024-05-01,67,42.57142857142857,32.1
2024-05-02,53,49.57142857142857,33.63333333333333
2024-05-03,12,46.142857142857146,33.8
2024-05-04,83,55.714285714285715,36.46666666666667
2024-05-05,22,55.57142857142857,36.666666666666664
2024-05-06,49,54.42857142857143,37.9
2024-05-07,32,45.42857142857143,38.666666666666664
2024-05-08,1,36.0,38.2
2024-05-09,90,41.285714285714285,40.266666666666666
2024-05-10,74,50.142857142857146,41.9
2024-05-11,34,43.142857142857146,42.53333333333333
2024-05-12,48,46.857142857142854,43.06666666666667
2024-05-13,13,41.714285714285715,42.46666666666667
2024-05-14,58,45.42857142857143,43.43333333333333
2024-05-15,43,51.42857142857143,43.7
2024-05-16,229,71.28571428571429,50.43333333333333
2024-05-17,4,61.285714285714285,49.46666666666667
2024-05-18,6,57.285714285714285,49.53333333333333
2024-05-19,10,51.857142857142854,47.733333333333334
2024-05-20,23,53.285714285714285,46.46666666666667
2024-05-21,4,45.57142857142857,45.46666666666667
2024-05-22,31,43.857142857142854,46.13333333333333
2024-05-23,47,17.857142857142858,42.266666666666666
2024-05-24,34,22.142857142857142,43.266666666666666
2024-05-25,48,28.142857142857142,44.733333333333334
2024-05-26,36,31.857142857142858,44.733333333333334
2024-05-27,11,30.142857142857142,44.56666666666667
2024-05-28,23,32.857142857142854,44.56666666666667
2024-05-29,126,46.42857142857143,46.86666666666667
2024-05-30,36,44.857142857142854,44.9
2024-05-31,135,59.285714285714285,47.166666666666664
2024-06-01,47,59.142857142857146,46.96666666666667
2024-06-02,30,58.285714285714285,47.56666666666667
2024-06-03,22,59.857142857142854,45.53333333333333
2024-06-04,19,59.285714285714285,45.43333333333333
2024-06-05,21,44.285714285714285,44.5
2024-06-06,15,41.285714285714285,43.93333333333333
2024-06-07,11,23.571428571428573,44.266666666666666
2024-06-08,58,25.142857142857142,43.2
2024-06-09,67,30.428571428571427,42.96666666666667
2024-06-10,67,36.857142857142854,44.06666666666667
2024-06-11,18,36.714285714285715,43.06666666666667
2024-06-12,4,34.285714285714285,42.766666666666666
2024-06-13,3,32.57142857142857,40.93333333333333
2024-06-14,25,34.57142857142857,40.333333333333336
2024-06-15,35,31.285714285714285,33.86666666666667
2024-06-16,51,29.0,35.43333333333333
2024-06-17,60,28.0,37.233333333333334
2024-06-18,72,35.714285714285715,39.3
2024-06-19,70,45.142857142857146,40.86666666666667
2024-06-20,32,49.285714285714285,41.8
2024-06-21,6,46.57142857142857,40.96666666666667
2024-06-22,3,42.0,39.5
2024-06-23,84,46.714285714285715,41.166666666666664
2024-06-24,50,45.285714285714285,41.233333333333334
2024-06-25,16,37.285714285714285,40.56666666666667
2024-06-26,30,31.571428571428573,41.2
2024-06-27,19,29.714285714285715,41.06666666666667
2024-06-28,19,31.571428571428573,37.5
2024-06-29,22,34.285714285714285,37.03333333333333
2024-06-30,29,26.428571428571427,33.5
2024-07-01,35,24.285714285714285,33.1
2024-07-02,43,28.142857142857142,33.53333333333333
2024-07-03,24,27.285714285714285,33.6
2024-07-04,45,31.0,34.46666666666667
2024-07-05,63,37.285714285714285,35.86666666666667
2024-07-06,63,43.142857142857146,37.46666666666667
2024-07-07,36,44.142857142857146,38.3
2024-07-08,11,40.714285714285715,36.733333333333334
2024-07-09,35,39.57142857142857,35.666666666666664
2024-07-10,125,54.0,37.6
2024-07-11,111,63.42857142857143,40.7
2024-07-12,128,72.71428571428571,44.833333333333336
2024-07-13,133,82.71428571428571,49.166666666666664
2024-07-14,65,86.85714285714286,50.5
2024-07-15,30,89.57142857142857,50.333333333333336
2024-07-16,90,97.42857142857143,51.63333333333333
2024-07-17,131,98.28571428571429,54.0
2024-07-18,38,87.85714285714286,52.86666666666667
2024-07-19,65,78.85714285714286,52.7
2024-07-20,23,63.142857142857146,52.4
2024-07-21,39,59.42857142857143,53.5
2024-07-22,44,61.42857142857143,54.86666666666667
2024-07-23,30,52.857142857142854,53.06666666666667
2024-07-24,33,38.857142857142854,52.5
2024-07-25,22,36.57142857142857,52.7
2024-07-26,205,56.57142857142857,58.53333333333333
2024-07-27,181,79.14285714285714,63.93333333333333
2024-07-28,61,82.28571428571429,65.33333333333333
2024-07-29,142,96.28571428571429,69.33333333333333
2024-07-30,289,133.28571428571428,78.0
2024-07-31,280,168.57142857142858,86.16666666666667
2024-10-01,8,166.57142857142858,85.0
2024-10-02,14,139.28571428571428,84.66666666666667
2024-10-03,18,116.0,83.76666666666667
2024-10-04,72,117.57142857142857,84.06666666666666
2024-10-05,15,99.42857142857143,82.46666666666667
2024-10-06,54,65.85714285714286,83.06666666666666
2024-10-07,13,27.714285714285715,83.13333333333334
2024-10-08,79,37.857142857142854,84.6
2024-10-09,65,45.142857142857146,82.6
2024-10-10,90,55.42857142857143,81.9
2024-10-11,59,53.57142857142857,79.6
2024-10-12,38,56.857142857142854,76.43333333333334
2024-10-13,24,52.57142857142857,75.06666666666666
2024-10-14,51,58.0,75.76666666666667
2024-10-15,85,58.857142857142854,75.6
2024-10-16,54,57.285714285714285,73.03333333333333
2024-10-17,45,50.857142857142854,73.26666666666667
2024-10-18,24,45.857142857142854,71.9
2024-10-19,42,46.42857142857143,72.53333333333333
2024-10-20,52,50.42857142857143,72.96666666666667
2024-10-21,101,57.57142857142857,74.86666666666666
2024-10-22,42,51.42857142857143,75.26666666666667
2024-10-23,84,55.714285714285715,76.96666666666667
2024-10-24,48,56.142857142857146,77.83333333333333
2024-10-25,49,59.714285714285715,72.63333333333334
2024-10-26,26,57.42857142857143,67.46666666666667
2024-10-27,9,51.285714285714285,65.73333333333333
2024-10-28,113,53.0,64.76666666666667
2024-10-29,29,51.142857142857146,56.1
2024-10-30,77,50.142857142857146,49.333333333333336
2024-10-31,147,64.28571428571429,53.96666666666667
2024-11-01,70,67.28571428571429,55.833333333333336
2024-11-02,103,78.28571428571429,58.666666666666664
2024-11-03,199,105.42857142857143,62.9
2024-11-04,80,100.71428571428571,65.06666666666666
2024-11-05,131,115.28571428571429,67.63333333333334
2024-11-06,130,122.85714285714286,71.53333333333333
2024-11-07,83,113.71428571428571,71.66666666666667
2024-11-08,134,122.85714285714286,73.96666666666667
2024-11-09,62,117.0,73.03333333333333
2024-11-10,31,93.0,72.1
2024-11-11,39,87.14285714285714,72.13333333333334
2024-11-12,14,70.42857142857143,71.8
2024-11-13,145,72.57142857142857,74.93333333333334
2024-11-14,56,68.71428571428571,73.96666666666667
2024-11-15,92,62.714285714285715,75.23333333333333
2024-11-16,68,63.57142857142857,76.0
2024-11-17,68,68.85714285714286,77.46666666666667
2024-11-18,117,80.0,79.96666666666667
2024-11-19,40,83.71428571428571,79.56666666666666
2024-11-20,107,78.28571428571429,79.76666666666667
2024-11-21,57,78.42857142857143,80.26666666666667
2024-11-22,178,90.71428571428571,83.4
2024-11-23,57,89.14285714285714,83.7
2024-11-24,101,93.85714285714286,85.43333333333334
2024-11-25,66,86.57142857142857,86.76666666666667
2024-11-26,86,93.14285714285714,89.33333333333333
2024-11-27,55,85.71428571428571,87.4
2024-11-28,23,80.85714285714286,87.2
2024-11-29,45,61.857142857142854,86.13333333333334
2024-11-30,96,67.42857142857143,84.43333333333334
